,Question,Answer,Category,Difficulty
0,Explain the concept of data governance and its importance in data analysis.,"Data governance is a set of principles, policies, and procedures that ensure the quality, consistency, and security of data throughout its lifecycle. It is crucial for reliable data analysis as it helps prevent errors, biases, and misuse of data.",General Questions,Normal
1,Describe how you would create a data analysis project from start to finish.,"The data analysis project lifecycle typically involves defining the problem, collecting and cleaning data, exploring and analyzing data, drawing conclusions, and communicating findings. Each step requires careful planning, execution, and evaluation.",Problem Solving,Easy
2,How do you stay up-to-date with the latest trends and advancements in data analysis?,"Continuous learning is essential for data analysts to stay relevant in the ever-evolving field. This involves attending workshops, reading industry publications, participating in online communities, and exploring new tools and techniques.",General Questions,Normal
3,What are some ethical considerations in data analysis?,"Data analysts have a responsibility to handle data responsibly and ethically. This includes protecting privacy, avoiding bias, ensuring transparency, and communicating findings responsibly.",General Questions,Hard
4,How would you present data insights to non-technical stakeholders?,"Effective data communication is crucial for translating complex data into actionable insights. This involves tailoring the message to the audience's level of understanding, using visuals and storytelling, and clearly explaining the implications of the findings.",Business Acumen,Hard
5,Explain the role of machine learning in data analysis.,Machine learning algorithms are used to automate data analysis tasks and uncover hidden patterns in large datasets. They help data analysts make more informed decisions and gain deeper insights from data.,General Questions,Normal
6,How do you approach the challenge of dealing with conflicting or contradictory data?,"Data analysts must be critical of the data they analyze and be prepared to identify and resolve inconsistencies or conflicts. This involves checking data sources, exploring data distributions, and using statistical methods to assess the reliability of data.",Technical Skills,Hard
7,How would you use data analysis to improve customer experience?,"Data analysis can be used to identify customer preferences, analyze customer behavior, and predict customer churn. This information can be used to personalize marketing campaigns, improve product offerings, and enhance customer service.",Problem Solving,Normal
8,How do you contribute to data-driven decision-making in an organization?,Data analysts play a crucial role in providing data-driven insights that inform business decisions. They collaborate with stakeholders to translate data findings into actionable strategies and recommendations.,Business Acumen,Normal
9,What is data analysis?,"Data analysis is the process of inspecting, cleaning, transforming, and modeling data to extract useful information, insights, and patterns.",General Questions,Easy
10,What are the key differences between data analysis and data mining?,"Data analysis focuses on extracting meaningful insights from existing data, while data mining aims to discover hidden patterns and trends in large datasets.",General Questions,Hard
11,What is data cleaning?,Data cleaning is the process of identifying and correcting errors or inconsistencies in data to ensure its accuracy and reliability.,General Questions,Easy
12,What are some common data visualization techniques?,"Common data visualization techniques include bar charts, line charts, pie charts, histograms, scatter plots, and box plots.",Data Visualization,Easy
13,How do you approach a data analytics problem?,"The typical approach to a data analytics problem involves defining the problem, collecting and cleaning data, exploring and analyzing data, drawing conclusions, and communicating findings.",Problem Solving,Hard
14,What are some of the statistical techniques used in data analysis?,"Common statistical techniques include descriptive statistics, inferential statistics, hypothesis testing, and regression analysis.",Statistical Knowledge,Normal
15,What are the different types of machine learning algorithms?,"Machine learning algorithms can be broadly classified into supervised learning, unsupervised learning, and reinforcement learning.",General Questions,Hard
16,How do you evaluate the performance of a machine learning model?,"Evaluating a machine learning model involves assessing its accuracy, precision, recall, F1-score, and ROC curve.",Problem Solving,Easy
17,What is the role of data governance in data analysis?,"Data governance ensures data quality, consistency, and security, which are crucial for reliable data analysis.",General Questions,Normal
18,How do you communicate data insights effectively?,"Effective data communication involves tailoring the message to the audience, using clear and concise language, and providing visualizations and storytelling.",Data Visualization,Normal
19,"What are the key differences between structured, semi-structured, and unstructured data?","Structured data is highly organized and easily searchable, while semi-structured data has some organizational aspects but is not as rigid. Unstructured data lacks a predefined format and can be challenging to process.",General Questions,Easy
20,What are some common data sampling techniques?,"Common data sampling techniques include random sampling, stratified sampling, and systematic sampling.",Technical Skills,Hard
21,How do you handle missing values in data?,"Missing values can be handled by imputation, deletion, or using techniques like K-Nearest Neighbors or Multiple Imputation by Chained Equations (MICE).",Technical Skills,Normal
22,What are some common data transformation techniques?,"Data transformation techniques include normalization, scaling, encoding, and feature engineering.",Technical Skills,Normal
23,How do you approach outlier detection and treatment?,"Outliers can be identified using statistical methods, box plots, or z-scores. Treatment options include removal, imputation, or transforming outliers to fit the distribution.",Problem Solving,Normal
24,What are some common data warehousing techniques?,"Common data warehousing techniques include dimensional modeling, star schema, snowflake schema, and fact tables.",General Questions,Hard
25,How do you handle large datasets efficiently?,"Large datasets can be handled using techniques like data partitioning, sampling, and distributed computing frameworks like Apache Spark.",Programming and Tools,Hard
26,What are some common data analysis tools and platforms?,"Common data analysis tools and platforms include SQL, R, Python, Tableau, Power BI, and Qlik Sense.",Programming and Tools,Normal
27,How do you approach data visualization for different audiences?,"Data visualization should be tailored to the audience's level of technical expertise, using appropriate colors, labels, and annotations.",Data Visualization,Hard
28,What are some common data storytelling techniques?,"Data storytelling techniques include using narratives, highlighting key findings, and using visuals to support the story.",General Questions,Easy
29,How do you measure the impact of your data analysis work?,"The impact of data analysis can be measured by tracking metrics like sales growth, customer satisfaction, or operational efficiency improvements.",Technical Skills,Hard
30,How do you ensure the reproducibility of your data analysis work?,"Reproducibility is crucial for data analysis to be reliable and trustworthy. This involves documenting data sources, analysis steps, and code, and using version control systems to track changes.",Business Acumen,Hard
31,How do you handle the challenge of dealing with real-time data streams?,Real-time data analysis requires specialized techniques and tools to process and analyze data as it is generated. This involves using frameworks like Apache Kafka or Apache Spark Streaming.,Technical Skills,Hard
32,How would you approach the problem of data bias in machine learning?,"Data bias can significantly impact the fairness and accuracy of machine learning models. It is crucial to identify, understand, and mitigate bias by using techniques like bias detection algorithms and data debiasing methods.",Statistical Knowledge,Easy
33,How do you stay organized and manage multiple data analysis projects simultaneously?,"Effective project management is essential for data analysts to handle multiple projects efficiently. This involves using project management tools, prioritizing tasks, and setting realistic deadlines.",General Questions,Easy
34,How do you collaborate with stakeholders from different backgrounds and technical expertise?,"Data analysts must be effective communicators who can bridge the gap between technical and non-technical stakeholders. This involves tailoring explanations, using visuals, and actively listening to feedback.",Business Acumen,Easy
35,How do you stay motivated and engaged in a data-driven role?,"Data analysts must maintain a strong interest in data and be curious about uncovering new insights. This involves staying up-to-date with trends, exploring new techniques, and seeking out challenging projects.",General Questions,Hard
36,How do you handle the challenge of explaining complex data analysis concepts to non-technical audiences?,"Effective data storytelling is essential for non-technical audiences to understand data insights. This involves simplifying concepts, using relatable analogies, and focusing on the implications of the findings.",Business Acumen,Normal
37,How do you adapt your data analysis skills to different industries and business domains?,"Data analysts must be versatile and adaptable to work with various data types and business problems. This involves understanding industry-specific terminology, contextualizing data analysis findings, and tailoring solutions to specific business goals.",General Questions,Hard
38,How do you measure and demonstrate the value of your data analysis work?,"Data analysts should be able to quantify the impact of their work on business outcomes. This involves tracking metrics, measuring ROI, and communicating positive outcomes to stakeholders.",Technical Skills,Hard
39,How do you handle the challenge of working with incomplete or missing data?,"Data analysts often encounter incomplete or missing data. Techniques for handling missing data include imputation, deletion, or using methods like K-Nearest Neighbors or Multiple Imputation by Chained Equations (MICE).",Technical Skills,Easy
40,How do you communicate data insights to a diverse audience with varying levels of technical expertise?,"Effective communication is crucial for data analysts to convey insights to a diverse audience. This involves tailoring explanations, using visuals, and actively listening to feedback, considering the technical background of the audience.",Business Acumen,Hard
41,How do you stay up-to-date with the latest data analysis tools and technologies?,"Continuous learning is essential for data analysts to remain relevant in the ever-evolving field. This involves attending workshops, reading industry publications, participating in online communities, and exploring new tools and techniques.",General Questions,Easy
42,How do you approach the challenge of data security and privacy in a data-driven organization?,"Data security and privacy are paramount in data-driven organizations. Data analysts must follow data governance policies, use encryption techniques, and be aware of potential security threats.",Problem Solving,Hard
43,How do you balance the need for exploration and analysis in data-driven projects?,"Data analysis often involves a balance between exploratory data analysis (EDA) and confirmatory data analysis (CDA). EDA helps understand the data, while CDA focuses on testing hypotheses and drawing conclusions.",Technical Skills,Normal
44,How do you handle the challenge of communicating data insights to stakeholders with different priorities and agendas?,"Data analysts must navigate the priorities and agendas of different stakeholders when communicating insights. This involves understanding stakeholder goals, tailoring explanations to their specific interests, and addressing potential concerns or objections.",Business Acumen,Hard
45,How do you ensure the quality and consistency of data analysis work?,"Data quality and consistency are crucial for reliable insights. Data analysts should implement data quality checks, use version control systems, and follow standardized methodologies.",Technical Skills,Hard
46,How do you approach the challenge of scaling data analysis processes to handle large and complex datasets?,"As datasets grow in size and complexity, data analysts must employ scalable techniques. This involves using distributed computing frameworks, implementing data partitioning strategies, and optimizing data pipelines.",Problem Solving,Normal
47,How do you contribute to a culture of data-driven decision-making within an organization?,"Data-driven decision-making requires a supportive organizational culture. Data analysts can promote this culture by sharing insights, collaborating with stakeholders, and demonstrating the value of data-driven approaches.",Business Acumen,Hard
48,How would you approach the problem of data overfitting in machine learning models?,"Overfitting occurs when a model learns the training data too well and fails to generalize to unseen data. Techniques to prevent overfitting include regularization, early stopping, and using larger training datasets.",Statistical Knowledge,Hard
49,How do you handle the challenge of dealing with high-dimensional data?,"High-dimensional data poses challenges due to the curse of dimensionality. Techniques for dealing with high-dimensional data include dimensionality reduction, feature selection, and using algorithms that are designed for high-dimensional spaces.",Statistical Knowledge,Hard
50,How would you approach the problem of data redundancy and duplication?,"Data redundancy and duplication can lead to inaccurate analysis and inefficient storage. Techniques for handling redundant data include data deduplication, data normalization, and using efficient data structures.",Statistical Knowledge,Normal
51,How do you stay up-to-date with the latest data privacy regulations and frameworks?,"Data privacy regulations are constantly evolving, and data analysts must be aware of the applicable laws and regulations. This involves reading regulatory updates, attending industry conferences, and consulting with legal experts.",General Questions,Easy
52,How do you approach the problem of data lineage and traceability?,"Data lineage and traceability are important for understanding the origin and transformation of data. Techniques for maintaining data lineage include using data lineage tools, implementing data tagging, and documenting data pipelines.",Technical Skills,Normal
53,How would you approach the problem of data visualization clutter and overcomplication?,"Effective data visualization should be clear, concise, and focused on conveying the key message. Techniques for avoiding clutter include using appropriate chart types, using consistent colors and fonts, and avoiding unnecessary embellishments.",Data Visualization,Normal
54,How do you handle the challenge of communicating data insights in a persuasive and impactful way?,"Persuasive data communication involves tailoring the message to the audience, using storytelling techniques, and focusing on the actionable implications of the findings.",Data Visualization,Hard
55,How would you approach the problem of data ethics and responsible data usage?,"Data analysts must use data ethically and responsibly, considering the potential impact on individuals and society. This involves understanding ethical principles, respecting privacy, and avoiding discriminatory data practices.",Business Acumen,Easy
56,How do you contribute to a culture of continuous learning and improvement in data analytics practices?,"Continuous learning and improvement are crucial for data analysts to stay relevant and effective. This involves sharing knowledge, exploring new techniques, and adapting to the evolving data landscape.",Problem Solving,Normal
57,How do you handle the challenge of dealing with unstructured data?,"Unstructured data, such as text, images, and audio, requires different techniques for analysis than structured data. Techniques for handling unstructured data include natural language processing, computer vision, and machine learning.",Technical Skills,Normal
58,How would you approach the problem of data silos and lack of data integration?,"Data silos occur when data is isolated in different systems or departments. Techniques for integrating data silos include using data warehouses, data lakes, and data integration tools.",Technical Skills,Hard
59,How do you handle the challenge of dealing with real-time data latency?,"Real-time data latency refers to the delay between data generation and its availability for analysis. Techniques for reducing data latency include using distributed computing frameworks, optimizing data pipelines, and employing edge computing.",Technical Skills,Hard
60,How would you approach the problem of data governance and data quality issues?,"Data governance ensures the quality, consistency, and security of data, while data quality refers to the accuracy, completeness, and consistency of data. Techniques for addressing data governance and quality issues include implementing data governance policies, using data quality tools, and following data quality best practices.",Problem Solving,Normal
61,How do you handle the challenge of communicating data insights to non-technical stakeholders in a way that is easy to understand?,"Communicating data insights to non-technical stakeholders requires using plain language, avoiding technical jargon, and using visuals to convey the message effectively.",Data Visualization,Easy
62,How would you approach the problem of data storytelling and narrative building?,"Data storytelling involves crafting a narrative around data insights to make them more engaging and memorable. Techniques for effective data storytelling include using storytelling frameworks, highlighting key findings, and using visuals to support the story.",Problem Solving,Normal
63,How do you handle the challenge of balancing data analysis with business priorities and decision-making processes?,"Data analysts must balance data-driven insights with business priorities and decision-making processes. This involves understanding business goals, aligning data analysis with strategic objectives, and communicating findings in a way that informs business decisions.",Business Acumen,Normal
64,How would you approach the problem of data democratization and making data accessible to a wider audience?,"Data democratization involves making data accessible and usable to a broader range of users within an organization. Techniques for data democratization include using self-service data tools, providing data training, and creating a data-driven culture.",Problem Solving,Normal
65,How do you contribute to the development of a data-driven culture within an organization?,"Fostering a data-driven culture involves promoting the use of data in decision-making, encouraging data literacy, and creating an environment where data is valued and respected.",Technical Skills,Normal
66,How do you handle the challenge of dealing with changing data formats and evolving data standards?,"Data formats and standards can change over time, which can pose challenges for data analysis. Data analysts should stay up-to-date with changing standards, use data conversion tools, and implement data quality checks.",Technical Skills,Hard
67,How would you approach the problem of balancing data privacy and data sharing?,"Data privacy and data sharing are often conflicting goals. Data analysts should balance the need for data sharing for analysis with the need to protect individual privacy. Techniques for balancing data privacy and sharing include anonymization, pseudonymization, and differential privacy.",Problem Solving,Easy
68,How do you handle the challenge of dealing with data bias and algorithmic fairness?,"Data bias can occur when data or algorithms reflect or amplify existing biases in society. Data analysts should be aware of potential biases, implement bias detection methods, and use techniques to mitigate bias.",Technical Skills,Hard
69,How would you approach the problem of explaining data insights to stakeholders with different risk appetites?,"Stakeholders with different risk appetites may have different requirements for the certainty and confidence of data insights. Data analysts should understand stakeholder risk profiles, communicate the level of uncertainty in findings, and provide options for risk mitigation.",Problem Solving,Normal
70,How do you handle the challenge of managing data ownership and access control?,"Data ownership and access control are important for data security and privacy. Data analysts should understand data ownership policies, implement access control mechanisms, and follow data governance practices.",Problem Solving,Hard
71,How would you approach the problem of data monetization and extracting value from data?,"Data monetization involves extracting value from data through various means, such as selling data products, providing data insights to customers, or using data to improve internal processes. Data analysts should identify opportunities for data monetization, develop data monetization strategies, and evaluate the return on investment from data monetization initiatives.",Business Acumen,Normal
72,How do you handle the challenge of balancing data exploration and exploitation?,"Data exploration involves investigating data to discover patterns and insights, while data exploitation involves using data to solve business problems. Data analysts should balance the need for exploration to discover new insights with the need to exploit existing data for practical applications.",Problem Solving,Normal
73,How would you approach the problem of communicating data insights in a way that is both accurate and engaging?,"Accurate data communication requires ensuring the correctness and precision of findings, while engaging communication requires using visuals, storytelling techniques, and tailoring the message to the audience. Data analysts should strive for both accuracy and engagement in their data communications.",Business Acumen,Normal
74,How do you handle the challenge of maintaining data relevance and avoiding data decay?,"Data can become outdated or irrelevant over time, which can impact the accuracy of data analysis. Data analysts should implement data refresh cycles, monitor data quality metrics, and use techniques to identify and update outdated data.",Statistical Knowledge,Hard
75,How do you handle the challenge of dealing with data anomalies and outliers?,"Data anomalies and outliers can distort data analysis and lead to inaccurate conclusions. Data analysts should identify and analyze anomalies, determine their cause, and decide whether to remove them or adjust for their impact.",Statistical Knowledge,Hard
76,How would you approach the problem of data imputation and missing data handling?,"Data imputation involves filling in missing data values, while missing data handling refers to strategies for dealing with incomplete data. Techniques for data imputation include mean or median imputation, k-nearest neighbors imputation, and multiple imputation by chained equations (MICE).",Statistical Knowledge,Hard
77,How do you handle the challenge of balancing data quality and data speed?,"Data quality refers to the accuracy, completeness, and consistency of data, while data speed refers to the timeliness of data availability. Data analysts should balance the need for high-quality data with the need for real-time data availability. Techniques for balancing data quality and speed include data validation, data sampling, and data pipelines with tiered processing.",Problem Solving,Normal
78,How would you approach the problem of data integration and data warehousing?,"Data integration involves combining data from different sources, while data warehousing involves storing and managing large datasets for analytical purposes. Techniques for data integration include using data integration tools, data warehouses, and data lakes.",Programming and Tools,Normal
79,How do you handle the challenge of data visualization and data storytelling?,"Data visualization involves using charts, graphs, and other visual aids to represent data, while data storytelling involves crafting a narrative around data insights to make them more engaging and memorable. Data analysts should use effective data visualization techniques and storytelling frameworks to communicate data insights effectively.",Data Visualization,Normal
80,How would you approach the problem of data-driven decision-making and business intelligence?,"Data-driven decision-making involves using data to inform business decisions, while business intelligence involves using data to gain insights into business operations. Data analysts should translate data insights into actionable recommendations, collaborate with stakeholders to implement data-driven decisions, and monitor the impact of data-driven initiatives.",Business Acumen,Normal
81,How do you handle the challenge of continuous learning and keeping up with the latest data science trends?,"Data science is a rapidly evolving field, and data analysts must stay up-to-date with the latest trends and technologies. Techniques for continuous learning include attending conferences and workshops, reading industry publications, participating in online communities, and experimenting with new tools and techniques.",Problem Solving,Easy
82,How would you approach the problem of data ethics and responsible data usage?,"Data ethics involves using data in a way that is fair, respectful, and responsible, while responsible data usage refers to practices that protect data privacy and security. Data analysts should adhere to ethical principles, implement data privacy measures, and avoid discriminatory data practices.",Technical Skills,Easy
83,How do you handle the challenge of communicating data insights to a diverse audience with varying levels of technical expertise?,"Data analysts must communicate data insights to a diverse audience, including technical and non-technical stakeholders. Techniques for effective communication include tailoring explanations to the audience's level of understanding, using visuals, and actively listening to feedback.",General Questions,Hard
84,How would you approach the problem of data governance and data quality assurance?,"Data governance ensures the quality, consistency, and security of data, while data quality assurance involves implementing processes to ensure the accuracy and reliability of data. Data analysts should follow data governance policies, use data quality tools, and establish data quality metrics.",Technical Skills,Normal
85,How do you handle the challenge of dealing with data noise and irrelevant patterns?,"Data noise can obscure real patterns in data, while irrelevant patterns can lead to false conclusions. Data analysts should identify and eliminate data noise, use techniques to filter out irrelevant patterns, and focus on analyzing meaningful patterns.",Problem Solving,Hard
86,How would you approach the problem of data profiling and data summarization?,"Data profiling involves summarizing the key characteristics of a dataset, while data summarization involves condensing a large dataset into a smaller, more manageable form. Techniques for data profiling include descriptive statistics, data visualization, and outlier detection. Techniques for data summarization include aggregation, sampling, and dimensionality reduction.",Programming and Tools,Normal
87,How do you handle the challenge of data validation and data verification?,"Data validation involves checking the accuracy and consistency of data, while data verification involves confirming the validity of data against external sources. Techniques for data validation include data type checks, range checks, and cross-referencing. Techniques for data verification include matching against reference data, using data integrity rules, and conducting audits.",Problem Solving,Hard
88,How would you approach the problem of hypothesis testing and statistical inference?,"Hypothesis testing involves evaluating the likelihood of a hypothesis based on data, while statistical inference involves drawing conclusions about a population based on a sample. Techniques for hypothesis testing include z-tests, t-tests, and chi-square tests. Techniques for statistical inference include confidence intervals, p-values, and statistical significance.",Statistical Knowledge,Hard
89,How do you handle the challenge of data mining and pattern recognition?,"Data mining involves extracting patterns and knowledge from large datasets, while pattern recognition involves identifying recurring patterns in data. Techniques for data mining include association rule mining, clustering, and classification. Techniques for pattern recognition include image recognition, natural language processing, and anomaly detection.",Problem Solving,Normal
90,How would you approach the problem of data modeling and predictive analytics?,"Data modeling involves creating a representation of data to explain or predict outcomes, while predictive analytics involves using data to forecast future events or trends. Techniques for data modeling include linear regression, logistic regression, and decision trees. Techniques for predictive analytics include time series analysis, forecasting models, and machine learning algorithms.",Technical Skills,Hard
91,How do you handle the challenge of data interpretation and insights extraction?,"Data interpretation involves understanding the meaning of data, while insights extraction involves identifying patterns and trends that can be used to make informed decisions. Techniques for data interpretation include data visualization, descriptive statistics, and hypothesis testing. Techniques for insights extraction include clustering, classification, and anomaly detection.",Problem Solving,Easy
92,How would you approach the problem of communicating data insights in a way that is both actionable and impactful?,"Actionable data insights provide guidance for decision-making, while impactful data insights drive positive change. Techniques for communicating actionable data insights include providing specific recommendations, quantifying the impact of insights, and linking insights to business goals. Techniques for communicating impactful data insights include using storytelling, tailoring the message to the audience, and using visuals to enhance understanding.",Problem Solving,Normal
93,How do you handle the challenge of maintaining data privacy and security?,"Data privacy involves protecting individual information from unauthorized access, while data security involves safeguarding data from unauthorized modification or destruction. Techniques for data privacy include data encryption, access control mechanisms, and data anonymization. Techniques for data security include data backups, disaster recovery plans, and data loss prevention measures.",General Questions,Normal
94,How would you approach the problem of data literacy and data education?,"Data literacy involves understanding and using data effectively, while data education involves teaching others how to understand and use data. Techniques for improving data literacy include providing data training and workshops, creating data documentation, and fostering a data-driven culture. Techniques for data education include developing data curriculum, teaching data analysis skills, and promoting data-driven decision-making.",Technical Skills,Normal
95,How do you handle the challenge of data integration and data wrangling?,"Data integration involves combining data from different sources, while data wrangling involves cleaning and preparing data for analysis. Techniques for data integration include using data integration tools, data warehouses, and data lakes. Techniques for data wrangling include data cleaning, data transformation, and data validation.",General Questions,Hard
96,How would you approach the problem of data exploration and data discovery?,"Data exploration involves investigating data to discover patterns and insights, while data discovery involves identifying hidden patterns and trends in large datasets. Techniques for data exploration include data visualization, descriptive statistics, and exploratory data analysis (EDA). Techniques for data discovery include clustering, classification, and anomaly detection.",Technical Skills,Normal
97,How do you handle the challenge of data communication and storytelling?,"Data communication involves conveying data insights to others, while data storytelling involves crafting a narrative around data insights to make them more engaging and memorable. Techniques for effective data communication include using visuals, tailoring explanations to the audience's level of understanding, and using clear and concise language. Techniques for data storytelling include using storytelling frameworks, highlighting key findings, and using visuals to support the story.",Data Visualization,Easy
98,How would you approach the problem of data visualization and data dashboards?,"Data visualization involves using charts, graphs, and other visual aids to represent data, while data dashboards provide a centralized view of key metrics and performance indicators. Techniques for effective data visualization include choosing appropriate chart types, using consistent colors and fonts, and avoiding unnecessary embellishments. Techniques for creating effective data dashboards include selecting relevant metrics, using appropriate visualizations, and providing interactive features.",Data Visualization,Normal
99,How do you handle the challenge of data presentation and communication skills?,"Data presentation involves communicating data insights to a live audience, while data communication skills involve effectively conveying data insights in verbal or written form. Techniques for effective data presentation include using clear and concise language, using visuals to support the message, and practicing the presentation beforehand. Techniques for effective data communication include tailoring the message to the audience, using plain language, and avoiding jargon.",General Questions,Easy
100,How would you approach the problem of data analysis and problem-solving skills?,"Data analysis involves using data to solve problems and make informed decisions, while problem-solving skills involve identifying and resolving issues. Techniques for effective data analysis include defining the problem clearly, collecting and cleaning data, exploring and analyzing data, drawing conclusions, and communicating findings. Techniques for effective problem-solving include breaking down the problem into smaller steps, identifying root causes, generating and evaluating solutions, and implementing the chosen solution.",Problem Solving,Normal
101,How do you handle the challenge of data governance and data quality management?,"Data governance ensures the quality, consistency, and security of data, while data quality management involves implementing processes to maintain the accuracy and reliability of data. Techniques for data governance include establishing data governance policies, defining data ownership and access roles, and implementing data quality metrics. Techniques for data quality management include data validation, data cleansing, and data profiling.",General Questions,Normal
102,How would you approach the problem of data-driven decision-making and business intelligence?,"Data-driven decision-making involves using data to inform business decisions, while business intelligence involves using data to gain insights into business operations. Techniques for data-driven decision-making include identifying key metrics, analyzing trends and patterns, and communicating insights to stakeholders. Techniques for business intelligence include developing data models, creating data dashboards, and providing real-time reporting.",Business Acumen,Normal
103,How do you handle the challenge of ethical considerations and data privacy?,"Ethical considerations involve using data responsibly and respecting privacy, while data privacy involves protecting individual information from unauthorized access. Techniques for ethical data practices include ensuring transparency, avoiding bias, and obtaining informed consent. Techniques for data privacy protection include data encryption, access control mechanisms, and data anonymization.",General Questions,Easy
